差不注ワード,注記,id
レディース・アンド・ジェントルメン,要注意/性差別(差不注DB),370
クリーブランド・インディアンス,→クリーブランド・ガーディアンズ/人種民族差別(差不注DB),296
かったいの瘡うらみ,差別用語/病気差別(差不注DB),242
スコッチウイスキー,OK/地域差別(差不注DB),338
スポーツマンシップ,→フェアプレイ精神、アスリートスピリッツ/性差別(差不注DB),371
アンタッチャブル,差別用語/地域差別(差不注DB),335
インターセックス,→性分化疾患/性差別(差不注DB),342
ガラパゴス症候群,要注意/地域差別(差不注DB),379
キチガイを野放し,差別用語/障害者差別(差不注DB),211
目に見えない恐怖,要注意/その他注意語(差不注DB),381
アウトカースト,要注意/地域差別(差不注DB),335
キチガイに刃物,差別用語/障害者差別(差不注DB),210
スチュワーデス,→客室乗務員、キャビンアテンダント/性差別(差不注DB),368
セールスレディ,差別用語/性差別(差不注DB),369
パンチョッパリ,差別用語/地域差別(差不注DB),332
乞丐の瘡うらみ,差別用語/病気差別(差不注DB),242
広汎性発達障害,→自閉症スペクトラム/障害者差別(差不注DB),222
日本のチベット,差別用語/地域差別(差不注DB),378
アイヌの反乱,差別用語/人種民族差別(差不注DB),284
アボリジニー,→アボリジナル、アボリジナル・ピープル/人種民族差別(差不注DB),290
インディアン,→ネイティブアメリカンなど/人種民族差別(差不注DB),294
ガラパゴス化,要注意/地域差別(差不注DB),379
キチガイじみ,差別用語/障害者差別(差不注DB),208
キチガイ沙汰,差別用語/障害者差別(差不注DB),209
スポーツマン,→アスリート/性差別(差不注DB),371
ビジネスマン,→ビジネスパーソン/性差別(差不注DB),371
群盲象を撫で,差別用語/障害者差別(差不注DB),201
性同一性障害,→性別違和、性別不合/性差別(差不注DB),344
地域下位地域,差別用語/部落差別(差不注DB),147
半チョッパリ,差別用語/地域差別(差不注DB),332
盲蛇に怖じず,差別用語/障害者差別(差不注DB),200
LGBTA,OK/性差別(差不注DB),341
LGBTI,OK/性差別(差不注DB),341
LGBTQ,OK/性差別(差不注DB),341
LGBTs,OK/性差別(差不注DB),341
アイヌネギ,→行者ニンニク/人種民族差別(差不注DB),283
アイヌ征伐,差別用語/人種民族差別(差不注DB),284
アボリジニ,→アボリジナル、アボリジナル・ピープル/人種民族差別(差不注DB),290
イスラム教,要注意/宗教差別(差不注DB),365
イヌイット,OK/人種民族差別(差不注DB),292
インジャン,→ネイティブアメリカンなど/人種民族差別(差不注DB),294
インディオ,→インディヘナなど/人種民族差別(差不注DB),295
エスキモー,要注意/人種民族差別(差不注DB),293
かたちんば,差別用語/障害者差別(差不注DB),179
カメラマン,→フォトグラファー/性差別(差不注DB),371
ガラの悪い,差別用語/部落差別(差不注DB),174
サイコパス,要注意/障害者差別(差不注DB),223
シンショー,差別用語/障害者差別(差不注DB),176
チェアマン,→チェアパーソン/性差別(差不注DB),371
チャンコロ,差別用語/地域差別(差不注DB),305
チョーセン,差別用語/地域差別(差不注DB),313
チョンガー,要注意/地域差別(差不注DB),317
つんぼ桟敷,差別用語/障害者差別(差不注DB),188
ててなし子,→婚外子/性差別(差不注DB),355
ノータリン,差別用語/障害者差別(差不注DB),234
ハリジャン,要注意/地域差別(差不注DB),335
ハンセン病,OK/病気差別(差不注DB),245
ホームレス,OK/職業差別(差不注DB),267
レプロシー,→ハンセン病/病気差別(差不注DB),247
汲み取り屋,→清掃員、衛生作業員/職業差別(差不注DB),249
現地従業員,差別用語/地域差別(差不注DB),301
女のクセに,差別用語/性差別(差不注DB),351
女の腐った,差別用語/性差別(差不注DB),350
色キチガイ,差別用語/障害者差別(差不注DB),212
食肉処理場,OK/職業差別(差不注DB),262
精神異常者,差別用語/障害者差別(差不注DB),225
精神障害者,要注意/障害者差別(差不注DB),226
精神分裂病,→統合失調症/障害者差別(差不注DB),230
特殊部落民,差別用語/部落差別(差不注DB),158
半島出身者,差別用語/地域差別(差不注DB),333
被差別部落,要注意/部落差別(差不注DB),169
不可触賎民,差別用語/地域差別(差不注DB),335
AIDS,差別用語/病気差別(差不注DB),240
LGBT,OK/性差別(差不注DB),341
イヌイト,OK/人種民族差別(差不注DB),292
インドン,→インドネシア/地域差別(差不注DB),311
うまずめ,差別用語/性差別(差不注DB),345
おわい屋,→清掃員、衛生作業員/職業差別(差不注DB),249
カーキチ,要注意/障害者差別(差不注DB),237
ガイジン,差別用語/地域差別(差不注DB),299
かったい,差別用語/病気差別(差不注DB),241
かわた村,差別用語/部落差別(差不注DB),126
キーマン,→キーパーソン/性差別(差不注DB),371
キチガイ,差別用語/障害者差別(差不注DB),208
きちがい,差別用語/障害者差別(差不注DB),208
ギッチョ,要注意/その他注意語(差不注DB),382
クズ拾い,差別用語/職業差別(差不注DB),250
コーラン,要注意/宗教差別(差不注DB),364
ゴミ集め,差別用語/職業差別(差不注DB),250
ジプシー,差別用語/地域差別(差不注DB),307
ジャップ,差別用語/地域差別(差不注DB),308
スコッチ,差別用語/地域差別(差不注DB),338
どめくら,差別用語/障害者差別(差不注DB),196
ふたなり,差別用語/性差別(差不注DB),343
ボロ買い,差別用語/職業差別(差不注DB),250
みつくち,→口唇裂、口唇口蓋裂/障害者差別(差不注DB),193
ラップ人,→サーミ人/地域差別(差不注DB),337
ルンペン,→路上生活者、野宿者、ホームレス/職業差別(差不注DB),266
暗黒大陸,差別用語/人種民族差別(差不注DB),272
汚わい屋,→清掃員、衛生作業員/職業差別(差不注DB),249
河原乞食,差別用語/部落差別(差不注DB),131
帰化鮮人,差別用語/地域差別(差不注DB),326
気が狂っ,差別用語/障害者差別(差不注DB),208
合いの子,差別用語/人種民族差別(差不注DB),275
黒い大陸,差別用語/人種民族差別(差不注DB),272
細民部落,歴史語/部落差別(差不注DB),139
三韓征伐,差別用語/地域差別(差不注DB),322
士農工商,要注意/部落差別(差不注DB),141
処女航海,差別用語/性差別(差不注DB),354
処女出版,差別用語/性差別(差不注DB),354
女々しい,差別用語/性差別(差不注DB),360
鉦たたき,歴史語/部落差別(差不注DB),162
人種主義,差別用語/人種民族差別(差不注DB),270
精神異常,差別用語/障害者差別(差不注DB),225
精神薄弱,差別用語/障害者差別(差不注DB),228
他力本願,要注意/宗教差別(差不注DB),362
第三国人,差別用語/地域差別(差不注DB),323
弾左衛門,歴史語/部落差別(差不注DB),146
知恵遅れ,差別用語/障害者差別(差不注DB),231
中世非人,歴史語/部落差別(差不注DB),166
朝鮮征伐,差別用語/地域差別(差不注DB),321
長吏ン坊,差別用語/部落差別(差不注DB),149
釣りキチ,要注意/障害者差別(差不注DB),238
同和運動,差別用語/部落差別(差不注DB),154
同和差別,差別用語/部落差別(差不注DB),155
同和地区,差別用語/部落差別(差不注DB),152
同和部落,差別用語/部落差別(差不注DB),153
特殊部落,差別用語/部落差別(差不注DB),157
鉢たたき,歴史語/部落差別(差不注DB),162
発達障害,OK/障害者差別(差不注DB),221
非嫡出子,→婚外子/性差別(差不注DB),356
不可触民,要注意/地域差別(差不注DB),335
部落差別,要注意/部落差別(差不注DB),168
片手落ち,OK/障害者差別(差不注DB),180
北朝鮮籍,誤用/地域差別(差不注DB),318
盲ろう者,OK/障害者差別(差不注DB),206
両性具有,差別用語/性差別(差不注DB),343
Jap,差別用語/地域差別(差不注DB),308
Jew,差別用語/地域差別(差不注DB),309
アイヌ,OK/人種民族差別(差不注DB),282
アメ公,→アメリカ人/人種民族差別(差不注DB),291
いざり,差別用語/障害者差別(差不注DB),177
イタ公,→イタリア人/人種民族差別(差不注DB),291
エイズ,要注意/病気差別(差不注DB),240
オカマ,要注意/性差別(差不注DB),346
オナベ,要注意/性差別(差不注DB),348
オネエ,要注意/性差別(差不注DB),349
ガイジ,差別用語/障害者差別(差不注DB),176
クィア,OK/性差別(差不注DB),352
クズ屋,差別用語/職業差別(差不注DB),251
ゴミ屋,差別用語/職業差別(差不注DB),251
サンボ,差別用語/人種民族差別(差不注DB),276
ジュー,差別用語/地域差別(差不注DB),309
せむし,差別用語/障害者差別(差不注DB),186
チーノ,差別用語/地域差別(差不注DB),306
チョン,差別用語/地域差別(差不注DB),315
チンク,差別用語/地域差別(差不注DB),310
ちんば,差別用語/障害者差別(差不注DB),191
てんぼ,差別用語/障害者差別(差不注DB),191
どもり,要注意/障害者差別(差不注DB),190
ドヤ街,要注意/職業差別(差不注DB),264
ネシア,→インドネシア/地域差別(差不注DB),311
バタ屋,差別用語/職業差別(差不注DB),251
びっこ,差別用語/障害者差別(差不注DB),191
めくら,差別用語/障害者差別(差不注DB),195
メッカ,要注意/宗教差別(差不注DB),363
らい病,→ハンセン病/病気差別(差不注DB),246
レパー,差別用語/病気差別(差不注DB),247
レプラ,→ハンセン病/病気差別(差不注DB),247
看護婦,→看護師/性差別(差不注DB),366
基地外,差別用語/障害者差別(差不注DB),215
奇形児,差別用語/障害者差別(差不注DB),182
帰化人,要注意/地域差別(差不注DB),334
気違い,差別用語/障害者差別(差不注DB),208
気狂い,差別用語/障害者差別(差不注DB),208
狂牛病,→BSE(牛海綿状脳症)/障害者差別(差不注DB),217
犬殺し,→野犬捕獲員/職業差別(差不注DB),248
犬神人,歴史語/部落差別(差不注DB),124
原住民,要注意/人種民族差別(差不注DB),286
現地人,差別用語/地域差別(差不注DB),302
虎キチ,要注意/障害者差別(差不注DB),239
後進国,差別用語/地域差別(差不注DB),303
黒いの,差別用語/人種民族差別(差不注DB),272
黒ん坊,差別用語/人種民族差別(差不注DB),271
混血児,差別用語/人種民族差別(差不注DB),274
差別化,→差異化、個性化、区別化/その他注意語(差不注DB),380
細民街,歴史語/部落差別(差不注DB),138
細民窟,歴史語/部落差別(差不注DB),138
坂ノ者,歴史語/部落差別(差不注DB),140
殺処分,OK/職業差別(差不注DB),256
雑賤民,歴史語/部落差別(差不注DB),137
三国人,差別用語/地域差別(差不注DB),323
私生児,→婚外子/性差別(差不注DB),355
自閉症,要注意/障害者差別(差不注DB),224
手短か,OK/障害者差別(差不注DB),189
宿の者,歴史語/部落差別(差不注DB),143
宿非人,歴史語/部落差別(差不注DB),143
出戻り,差別用語/性差別(差不注DB),357
処女作,差別用語/性差別(差不注DB),354
処女作,差別用語/性差別(差不注DB),354
処女地,差別用語/性差別(差不注DB),354
処女峰,差別用語/性差別(差不注DB),354
助産婦,→助産師/性差別(差不注DB),367
小使い,→校務員、学校用務員/職業差別(差不注DB),255
色情狂,差別用語/障害者差別(差不注DB),212
新平民,差別用語/部落差別(差不注DB),144
人非人,要注意/部落差別(差不注DB),161
精神科,要注意/障害者差別(差不注DB),227
川向う,要注意/部落差別(差不注DB),130
掃除夫,→清掃員/職業差別(差不注DB),253
男勝り,差別用語/性差別(差不注DB),347
痴呆症,→認知症/病気差別(差不注DB),233
朝鮮人,歴史語/地域差別(差不注DB),314
朝鮮籍,歴史語/地域差別(差不注DB),319
低能児,差別用語/障害者差別(差不注DB),234
天刑病,→ハンセン病/病気差別(差不注DB),243
兎つ口,→口唇裂、口唇口蓋裂/障害者差別(差不注DB),193
兎つ唇,→口唇裂、口唇口蓋裂/障害者差別(差不注DB),193
屠殺場,→屠畜場など/職業差別(差不注DB),260
屠殺人,→屠場労働者など/職業差別(差不注DB),261
屠畜場,OK/職業差別(差不注DB),257
同性愛,要注意/性差別(差不注DB),358
半陰陽,差別用語/性差別(差不注DB),343
半島人,差別用語/地域差別(差不注DB),333
番太郎,歴史語/部落差別(差不注DB),163
番非人,歴史語/部落差別(差不注DB),164
表日本,差別用語/地域差別(差不注DB),377
不具合,OK/障害者差別(差不注DB),192
不具者,差別用語/障害者差別(差不注DB),192
浮浪者,→路上生活者、野宿者、ホームレス/職業差別(差不注DB),266
父兄会,→保護者会/性差別(差不注DB),372
部落民,要注意/部落差別(差不注DB),171
保健婦,→保健師/性差別(差不注DB),373
未亡人,差別用語/性差別(差不注DB),375
明き盲,差別用語/障害者差別(差不注DB),197
盲打ち,差別用語/障害者差別(差不注DB),198
盲腸炎,OK/障害者差別(差不注DB),204
盲滅法,差別用語/障害者差別(差不注DB),202
盲目的,差別用語/障害者差別(差不注DB),205
盲聾者,OK/障害者差別(差不注DB),206
蒙古症,差別用語/病気差別(差不注DB),244
野非人,歴史語/部落差別(差不注DB),167
裏日本,差別用語/地域差別(差不注DB),376
労務者,→労働者など/職業差別(差不注DB),268
聾学校,OK/障害者差別(差不注DB),187
旃陀羅,歴史語/部落差別(差不注DB),145
穢多村,差別用語/部落差別(差不注DB),126
おし,差別用語/障害者差別(差不注DB),178
キ印,差別用語/障害者差別(差不注DB),214
ゲイ,要注意/性差別(差不注DB),353
チナ,差別用語/地域差別(差不注DB),306
チノ,差別用語/地域差別(差不注DB),306
ちび,不快語/障害者差別(差不注DB),183
ドヤ,要注意/職業差別(差不注DB),264
パキ,→パキスタン/地域差別(差不注DB),311
ホモ,差別用語/性差別(差不注DB),359
レズ,差別用語/性差別(差不注DB),361
夷狄,歴史語/人種民族差別(差不注DB),288
隠亡,差別用語/部落差別(差不注DB),127
隠坊,差別用語/部落差別(差不注DB),127
雲助,差別用語/職業差別(差不注DB),252
餌取,歴史語/部落差別(差不注DB),160
煙亡,差別用語/部落差別(差不注DB),127
家柄,要注意/部落差別(差不注DB),119
蝦夷,歴史語/人種民族差別(差不注DB),288
外人,差別用語/地域差別(差不注DB),299
革多,差別用語/部落差別(差不注DB),128
革田,差別用語/部落差別(差不注DB),128
奇形,差別用語/障害者差別(差不注DB),182
帰化,要注意/地域差別(差不注DB),334
帰鮮,差別用語/地域差別(差不注DB),327
京城,歴史語/地域差別(差不注DB),320
狂気,要注意/障害者差別(差不注DB),216
狂人,要注意/障害者差別(差不注DB),218
業病,→ハンセン病/病気差別(差不注DB),243
屑屋,差別用語/職業差別(差不注DB),250
熊襲,歴史語/人種民族差別(差不注DB),288
軽愚,差別用語/障害者差別(差不注DB),232
血筋,要注意/部落差別(差不注DB),136
血統,要注意/部落差別(差不注DB),134
血脈,差別用語/部落差別(差不注DB),135
乞食,要注意/部落差別(差不注DB),175
乞丐,差別用語/病気差別(差不注DB),241
坑夫,→労働者、作業員/職業差別(差不注DB),253
工夫,→土木建設作業員/職業差別(差不注DB),253
抗夫,差別用語/職業差別(差不注DB),254
鉱夫,差別用語/職業差別(差不注DB),254
細民,歴史語/部落差別(差不注DB),138
産婆,→助産師/性差別(差不注DB),367
四つ,要注意語/部落差別(差不注DB),173
支那,差別用語/地域差別(差不注DB),304
酋長,差別用語/地域差別(差不注DB),298
集落,OK/部落差別(差不注DB),170
女優,→俳優/性差別(差不注DB),371
小人,差別用語/障害者差別(差不注DB),183
色盲,差別用語/障害者差別(差不注DB),184
新平,差別用語/部落差別(差不注DB),144
人種,要注意/人種民族差別(差不注DB),269
人夫,→労働者、作業員/職業差別(差不注DB),253
生蕃,歴史語/人種民族差別(差不注DB),287
精薄,差別用語/障害者差別(差不注DB),229
石女,差別用語/性差別(差不注DB),345
鮮人,差別用語/地域差別(差不注DB),325
全鮮,歴史語/地域差別(差不注DB),331
村落,OK/部落差別(差不注DB),170
痴愚,差別用語/障害者差別(差不注DB),232
茶筅,歴史語/部落差別(差不注DB),148
朝鮮,歴史語/地域差別(差不注DB),312
長吏,差別用語/部落差別(差不注DB),149
低能,差別用語/障害者差別(差不注DB),234
兎唇,→口唇裂、口唇口蓋裂/障害者差別(差不注DB),194
屠殺,→屠畜など/職業差別(差不注DB),259
屠児,歴史語/部落差別(差不注DB),159
屠場,OK/職業差別(差不注DB),257
屠畜,OK/職業差別(差不注DB),258
渡鮮,差別用語/地域差別(差不注DB),327
土方,要注意/職業差別(差不注DB),263
藤内,歴史語/部落差別(差不注DB),150
同和,差別用語/部落差別(差不注DB),151
内鮮,歴史語/地域差別(差不注DB),328
南鮮,差別用語/地域差別(差不注DB),330
日鮮,歴史語/地域差別(差不注DB),331
馬喰,要注意/職業差別(差不注DB),265
伯楽,要注意/職業差別(差不注DB),265
博労,要注意/職業差別(差不注DB),265
白子,差別用語/障害者差別(差不注DB),185
白痴,差別用語/障害者差別(差不注DB),235
白丁,差別用語/部落差別(差不注DB),172
鉢屋,歴史語/部落差別(差不注DB),162
発狂,要注意/障害者差別(差不注DB),220
番太,歴史語/部落差別(差不注DB),163
皮多,差別用語/部落差別(差不注DB),128
皮田,差別用語/部落差別(差不注DB),128
皮坊,差別用語/部落差別(差不注DB),129
非人,歴史語/部落差別(差不注DB),166
膝行,差別用語/障害者差別(差不注DB),177
不具,差別用語/障害者差別(差不注DB),192
父兄,→保護者/性差別(差不注DB),372
部落,要注意/部落差別(差不注DB),170
文盲,差別用語/障害者差別(差不注DB),207
片端,差別用語/障害者差別(差不注DB),181
片輪,差別用語/障害者差別(差不注DB),181
片跛,差別用語/障害者差別(差不注DB),179
保母,→保育士/性差別(差不注DB),374
北鮮,差別用語/地域差別(差不注DB),329
満鮮,歴史語/地域差別(差不注DB),331
毛唐,差別用語/地域差別(差不注DB),300
盲従,差別用語/障害者差別(差不注DB),203
盲点,要注意/障害者差別(差不注DB),204
盲判,差別用語/障害者差別(差不注DB),199
盲目,差別用語/障害者差別(差不注DB),205
魯鈍,差別用語/障害者差別(差不注DB),236
露助,差別用語/地域差別(差不注DB),339
聾者,OK/障害者差別(差不注DB),187
傴僂,差別用語/障害者差別(差不注DB),186
畸形,差別用語/障害者差別(差不注DB),182
癩病,→ハンセン病/病気差別(差不注DB),246
穢れ,要注意/部落差別(差不注DB),133
穢多,差別用語/部落差別(差不注DB),125
唖,差別用語/障害者差別(差不注DB),178
吃,要注意/障害者差別(差不注DB),190
狂,要注意/障害者差別(差不注DB),219
夙,歴史語/部落差別(差不注DB),143
宿,歴史語/部落差別(差不注DB),143
鮮,差別用語/地域差別(差不注DB),324
盲,差別用語/障害者差別(差不注DB),195
聾,差別用語/障害者差別(差不注DB),187
跛,差別用語/障害者差別(差不注DB),191
躄,差別用語/障害者差別(差不注DB),177
気も狂わんばかり,差別用語/障害(QC資料),0
人の血が入って,差別用語/障害(QC資料),0
チョコレート屋,要注意（軽視的表現）/職業(QC資料),0
狂ったように,差別用語/障害(QC資料),0
頭がおかしい,差別用語/障害(QC資料),0
頭のおかしい,差別用語/障害(QC資料),0
おもちゃ屋,OK/職業(QC資料),0
分からず屋,OK/人格(QC資料),0
おつむが弱,差別用語/障害(QC資料),0
やぶにらみ,差別用語/障害(QC資料),0
うすらばか,不快語/障害(QC資料),0
せっけん屋,要注意（軽視的表現）/職業(QC資料),0
たれ込み屋,要注意（軽視的表現）/職業(QC資料),0
煙突掃除夫,要注意（軽視的表現）/職業(QC資料),0
石版印刷屋,要注意（軽視的表現）/職業(QC資料),0
日雇い人夫,要注意（軽視的表現）/職業(QC資料),0
皮なめし屋,要注意（軽視的表現）/職業(QC資料),0
結合双生児,要注意（標準内表記）/障害(QC資料),0
ケーキ屋,OK/職業(QC資料),0
仕立て屋,OK/職業(QC資料),0
いばり屋,OK/人格(QC資料),0
頑張り屋,OK/人格(QC資料),0
気取り屋,OK/人格(QC資料),0
ユダヤ人,OK/人種民族(QC資料),0
気がふれ,差別用語/障害(QC資料),0
気が狂う,差別用語/障害(QC資料),0
五体満足,差別用語/障害(QC資料),0
新しい血,差別用語/障害(QC資料),0
いかれて,不快語/障害(QC資料),0
うすのろ,不快語/障害(QC資料),0
どさ回り,不快語/地方(QC資料),0
ぶさいく,不快語/容姿(QC資料),0
血を分け,要注意（慣用されてきた表現）/身分(QC資料),0
花売り女,要注意（軽視的表現）/職業、性(QC資料),0
おまわり,要注意（軽視的表現）/職業(QC資料),0
靴磨き屋,要注意（軽視的表現）/職業(QC資料),0
乞食坊主,要注意（軽視的表現）/職業(QC資料),0
貸衣装屋,要注意（軽視的表現）/職業(QC資料),0
みなしご,要注意/格差(QC資料),0
成駒屋,OK/屋号(QC資料),0
成田屋,OK/屋号(QC資料),0
狂言的,OK/障害(QC資料),0
パン屋,OK/職業(QC資料),0
下宿屋,OK/職業(QC資料),0
果物屋,OK/職業(QC資料),0
菓子屋,OK/職業(QC資料),0
牛乳屋,OK/職業(QC資料),0
居酒屋,OK/職業(QC資料),0
古本屋,OK/職業(QC資料),0
雑貨屋,OK/職業(QC資料),0
鍛冶屋,OK/職業(QC資料),0
八百屋,OK/職業(QC資料),0
宝石屋,OK/職業(QC資料),0
帽子屋,OK/職業(QC資料),0
音羽屋,OK/人格(QC資料),0
気が狂,差別用語/障害(QC資料),0
怒り狂,差別用語/障害(QC資料),0
ニガー,差別用語/人種民族(QC資料),0
野蛮人,差別用語/人種民族(QC資料),0
女主人,差別用語/性(QC資料),0
あほう,不快語/障害(QC資料),0
丸坊主,不快語/職業(QC資料),0
前科者,不快語/身分(QC資料),0
じじい,不快語/年齢(QC資料),0
ばばあ,不快語/年齢(QC資料),0
チビ助,不快語/容姿(QC資料),0
不細工,不快語/容姿(QC資料),0
占い女,要注意（軽視的表現）/職業、性(QC資料),0
洗濯女,要注意（軽視的表現）/職業、性(QC資料),0
掃除婦,要注意（軽視的表現）/職業、性(QC資料),0
くず屋,要注意（軽視的表現）/職業(QC資料),0
こじき,要注意（軽視的表現）/職業(QC資料),0
印刷屋,要注意（軽視的表現）/職業(QC資料),0
運送屋,要注意（軽視的表現）/職業(QC資料),0
運搬屋,要注意（軽視的表現）/職業(QC資料),0
下着屋,要注意（軽視的表現）/職業(QC資料),0
家政婦,要注意（軽視的表現）/職業(QC資料),0
技術屋,要注意（軽視的表現）/職業(QC資料),0
研ぎ屋,要注意（軽視的表現）/職業(QC資料),0
古着屋,要注意（軽視的表現）/職業(QC資料),0
雑役婦,要注意（軽視的表現）/職業(QC資料),0
事務屋,要注意（軽視的表現）/職業(QC資料),0
辞書屋,要注意（軽視的表現）/職業(QC資料),0
錠前屋,要注意（軽視的表現）/職業(QC資料),0
政治屋,要注意（軽視的表現）/職業(QC資料),0
潜水夫,要注意（軽視的表現）/職業(QC資料),0
掃除屋,要注意（軽視的表現）/職業(QC資料),0
葬儀屋,要注意（軽視的表現）/職業(QC資料),0
炭坑夫,要注意（軽視的表現）/職業(QC資料),0
炭鉱夫,要注意（軽視的表現）/職業(QC資料),0
鋳掛屋,要注意（軽視的表現）/職業(QC資料),0
点灯夫,要注意（軽視的表現）/職業(QC資料),0
馬券屋,要注意（軽視的表現）/職業(QC資料),0
馬肉屋,要注意（軽視的表現）/職業(QC資料),0
服地屋,要注意（軽視的表現）/職業(QC資料),0
物乞い,要注意（軽視的表現）/職業(QC資料),0
密告屋,要注意（軽視的表現）/職業(QC資料),0
郵便屋,要注意（軽視的表現）/職業(QC資料),0
旅籠屋,要注意（軽視的表現）/職業(QC資料),0
料理屋,要注意（軽視的表現）/職業(QC資料),0
こぞう,要注意（軽視的表現）/年齢(QC資料),0
孤児院,→児童養護施設など/旧称(QC資料),0
小人症,→低身長症など/障害(QC資料),0
花屋,OK/職業(QC資料),0
魚屋,OK/職業(QC資料),0
靴屋,OK/職業(QC資料),0
質屋,OK/職業(QC資料),0
酒屋,OK/職業(QC資料),0
宿屋,OK/職業(QC資料),0
床屋,OK/職業(QC資料),0
肉屋,OK/職業(QC資料),0
農民,OK/職業(QC資料),0
粉屋,OK/職業(QC資料),0
本屋,OK/職業(QC資料),0
狂う,差別用語/障害(QC資料),0
混血,差別用語/人種民族(QC資料),0
チビ,不快語/障害(QC資料),0
老婆,不快語/性(QC資料),0
デブ,不快語/容姿(QC資料),0
でぶ,不快語/容姿(QC資料),0
ブス,不快語/容姿(QC資料),0
ぶす,不快語/容姿(QC資料),0
禿げ,不快語/容姿(QC資料),0
死体,→遺体など/尊厳表現(QC資料),0
女中,要注意（軽視的表現）/職業、性(QC資料),0
サツ,要注意（軽視的表現）/職業(QC資料),0
下女,要注意（軽視的表現）/職業(QC資料),0
下男,要注意（軽視的表現）/職業(QC資料),0
火夫,要注意（軽視的表現）/職業(QC資料),0
工員,要注意（軽視的表現）/職業(QC資料),0
車夫,要注意（軽視的表現）/職業(QC資料),0
従僕,要注意（軽視的表現）/職業(QC資料),0
水夫,要注意（軽視的表現）/職業(QC資料),0
農夫,要注意（軽視的表現）/職業(QC資料),0
農婦,要注意（軽視的表現）/職業(QC資料),0
馬丁,要注意（軽視的表現）/職業(QC資料),0
百姓,要注意（軽視的表現）/職業(QC資料),0
坊主,要注意（軽視的表現）/職業(QC資料),0
女流,要注意（軽視的表現）/性(QC資料),0
小僧,要注意（軽視的表現）/年齢(QC資料),0
孤児,要注意/格差(QC資料),0
屠ら,要注意/部落(QC資料),0
屠り,要注意/部落(QC資料),0
屠る,要注意/部落(QC資料),0
屠れ,要注意/部落(QC資料),0
闇屋,歴史語/職業(QC資料),0
ウィークリーマンション,OK(一般名称化のため),0
UFOキャッチャー,→クレーンゲーム機（セガゲームスの商標）,0
ウィンドサーフィン,OK(登録なしのため),0
ポラロイドカメラ,→インスタントカメラ（PLR IP Holdingsの商標）,0
ローラーブレード,→インラインスケート（テクニカグループ.SP.Aの商標）,0
アートネイチャー,→かつら（アートネイチャーの商標）,0
ごきぶりホイホイ,→ゴキブリ退治用殺虫剤、ゴキブリ取り器（アース製薬の商標）,0
クッキングホイル,OK(登録なしのため),0
カップヌードル,→カップめん（★特に注意　日清食品の商標）,0
XYLITOL,→キシリトール入りのガム（ロッテの商標）,0
プリント倶楽部,"→シール写真,プリントシール機（セガゲームスの商標）",0
JACUZZI,→ジェットバス（ジヤクジ  インコ－ポレ－テツドの商標）,0
ポカリスエット,→スポーツ飲料（大塚製薬の商標）,0
タッパーウェア,→プラスチック製容器、密閉容器（ダ－ト  インダストリ－ズの商標）,0
カロリーメイト,→栄養調整食品（大塚製薬の商標）,0
ウォシュレット,→温水洗浄便座（★特に注意　TOTOの商標）,0
形状記憶シャツ,→形態安定シャツ（東洋紡の商標）,0
アロンアルファ,→瞬間接着剤（東亞合成の商標）,0
シュガーカット,→人工甘味料（浅田飴の商標）,0
ジェットスキー,→水上バイク（川崎重工業の商標）,0
ビオフェルミン,→整腸剤（ビオフェルミン製薬の商標）,0
スコッチテープ,→接着テープ（スリーエム カンパニーの商標）,0
チキンラーメン,→即席ラーメン（日清食品ホールディングスの商標）,0
メンソレータム,→軟膏薬（ザ・メンソレータム・カンパニーの商標）,0
CAL-PIS,→乳酸飲料（アサヒ飲料の商標）,0
ROCKICE,→氷（★特に注意　小久保製氷冷蔵の商標）,0
ポスト・イット,→付箋（★特に注意　スリーエム カンパニーの商標）,0
マジックテープ,→面ファスナー、ワンタッチテープ（★特に注意　クラレの商標）,0
マジックインキ,→油性マーキングペン（★特に注意　内田洋行（販売は寺西化学工業）の商標）,0
ペットシュガー,OK(登録なしのため),0
ホームシアター,OK(登録なしのため),0
ホバークラフト,OK(登録なしのため),0
ガチャガチャ,→カプセルトイ（バンダイの商標）,0
キシリトール,→キシリトール入りのガム（ロッテの商標）,0
キックボード,→キックスケーター（ポラリスエクスポートの商標）,0
Pentel,→くれよん（ぺんてるの商標）,0
ZIPROC,→ジッパー付プラスチック製袋（旭化成ホームプロダクツの商標）,0
ジップロック,→ジッパー付プラスチック製袋（旭化成ホームプロダクツの商標）,0
亀の子たわし,→たわし（亀の子束子西尾商店の商標）,0
エアロバイク,→フィットネスバイク（★特に注意　コンビウェルネスの商標）,0
シッカロール,→ベビーパウダー（和光堂の商標）,0
ウォークマン,→ポータブルオーディオプレイヤー（★特に注意　ソニーの商標）,0
ボクササイズ,→ボクシングエクササイズ（★特に注意　三迫  正廣の商標）,0
サランラップ,→ラップ（★特に注意　旭化成の商標）,0
サークライン,→円形蛍光灯（東芝ライテックの商標）,0
バリラックス,→遠近用レンズ（エシロール・アンテルナショナルの商標）,0
アクアラング,→簡易潜水具（★特に注意　日本アクアラングの商標）,0
バンドエイド,→救急ばんそうこう（★特に注意　ジョンソン・エンド・ジョンソンの商標）,0
テトラパック,→牛乳用紙容器（テトラ パックの商標）,0
ゲームボーイ,→携帯用ゲーム機（任天堂の商標）,0
カラーコーン,→三角コーン（セフテックの商標）,0
テトラポッド,→消波ブロック（不動テトラの商標）,0
トラベルミン,→乗り物酔い防止薬（エーザイ・アール・アンド・ディー・マネジメンの商標）,0
キャタピラー,"→走行用ベルト,無限軌道（キャタピラー  インコーポレｰテッドの商標）",0
エレクトーン,→電子オルガン（ヤマハの商標）,0
熱さまシート,→熱冷却ジェルシート、額用冷却シート（小林製薬の商標）,0
ロックアイス,→氷（★特に注意　小久保製氷冷蔵の商標）,0
ポストイット,→付箋（★特に注意　スリーエム カンパニーの商標）,0
万歩メーター,→歩数計（★特に注意　山佐時計計器の商標）,0
トランポリン,OK(一般名称化のため),0
エアパッキン,OK(登録なしのため),0
あずきバー,→あずきアイス（井村屋グループの商標）,0
ネスカフェ,→インスタントコーヒー（ソシエテ・デ・プロデュイ・ネスレ・の商標）,0
オキシフル,→オキシドール（第一三共の商標）,0
ガスマット,→ガス台敷き（東洋アルミエコープロダクツの商標）,0
ワンカップ,→カップ酒（★特に注意　大関の商標）,0
アデランス,→かつら（アデランスの商標）,0
GACHA,→カプセルトイ（タカラトミーアーツの商標）,0
ガシャポン,→カプセルトイ（バンダイの商標）,0
ガチャポン,→カプセルトイ（バンダイの商標）,0
きゃらべん,→キャラクター弁当（バンプレスト（30類：弁当）の商標）,0
コカコーラ,→コーラ飲料（★特に注意　ザ コカ・コーラ  カンパニーの商標）,0
ジャグジー,→ジェットバス（ジヤクジ  インコ－ポレ－テツドの商標）,0
シヤチハタ,→スタンプ型印鑑（シヤチハタの商標）,0
セロテープ,→セロハンテープ（★特に注意　ニチバンの商標）,0
アリナミン,→ビタミン剤（武田薬品工業の商標）,0
ループタイ,→ひもタイ、ロープタイ（アップルエンタープライズの商標）,0
フリスビー,→フライングディスク、円盤遊具（★特に注意　ウァーム―オー  ホールディングの商標）,0
ポリバケツ,→プラスチック製バケツ（積水テクノ成型の商標）,0
シーチキン,→まぐろ（かつお）の缶詰、ツナ缶（はごろもフ－ズの商標）,0
ビューラー,"→まつ毛カール器,アイラッシュカーラー（岡本和久の商標）",0
ゆるキャラ,→ゆるいマスコットキャラクター（扶桑社、みうらじゅん事務所の商標）,0
クレラップ,→ラップ（クレハの商標）,0
写ルンです,→レンズ付きフィルム（富士フィルムの商標）,0
ホネケーキ,→化粧せっけん（資生堂の商標）,0
軽涼スーツ,→夏用スーツ（コナカの商標）,0
ファミコン,→家庭用テレビゲーム機（★特に注意　任天堂の商標）,0
パンケーキ,→固形おしろい（Ｐ＆Ｇの商標）,0
クラリーノ,→合成皮革（クラレの商標）,0
フマキラー,→殺虫剤（フマキラーの商標）,0
ホッカイロ,→使い捨てカイロ（白元の商標）,0
マイペット,→住まいの洗剤（花王の商標）,0
サロンパス,→消炎鎮痛貼り薬（久光製薬の商標）,0
ハルシオン,→睡眠導入剤、トリアゾラム（★特に注意　ファイザーの商標）,0
セメダイン,→接着剤（セメダインの商標）,0
弾丸ツアー,→短期集中旅行（JTBの商標）,0
メンターム,→軟膏薬（近江兄弟社の商標）,0
QRコード,→二次元バーコード（デンソウウェーブの商標）,0
ゼロックス,→複写機、コピー機（ゼロックス・コーポレーションの商標）,0
パラゾール,→防虫剤（白元アースの商標）,0
バスクリン,→浴用剤、入浴剤（ツムラの商標）,0
アイスノン,→冷却まくら（白元の商標）,0
プラモデル,OK(一般名称化のため),0
ホッチキス,OK(一般名称化のため),0
ガムテープ,OK(登録なしのため),0
サインペン,OK(登録なしのため),0
スタンガン,OK(登録なしのため),0
いかめし,→いか弁当（今井俊治（いかめし阿部商店）の商標）,0
ほんだし,→うまみ調味料、化学調味料（味の素の商標）,0
プチプチ,→エアクッション、気泡緩衝シート（★特に注意　川上産業の商標）,0
キャラ弁,→キャラクター弁当（バンダイ  (16類：印刷物、21類：食器類）の商標）,0
ペンテル,→くれよん（ぺんてるの商標）,0
プリクラ,"→シール写真,プリントシール機（セガゲームスの商標）",0
クレパス,→パステルクレヨン（サクラクレパスの商標）,0
Vシネマ,→ビデオ専用映画（東映ビデオの商標）,0
ファンデ,→ファンデーション（★特に注意　伊勢半の商標）,0
テフロン,→フッ素樹脂加工（ザ  ケマーズ  カンパニー  エフシーの商標）,0
タッパー,→プラスチック製容器、密閉容器（ダ－ト  インダストリ－ズの商標）,0
タバスコ,→ペッパーソース（マッキルヘニーの商標）,0
カンパリ,→リキュール（ダビデ  カンパリ－ミラノの商標）,0
エビオス,→胃腸薬（アサヒビールの商標）,0
ダスキン,→化学ぞうきん（ダスキンの商標）,0
ハイミー,→化学調味料（味の素の商標）,0
プレステ,→家庭用テレビゲーム機（ソニー・インタラクティブエンタテインメントの商標）,0
ヒロポン,"→覚醒剤,メタンフェタミン(医療用）（大日本住友製薬の商標）",0
ピアニカ,→鍵盤ハーモニカ（ヤマハの商標）,0
バルサン,→殺虫剤（ライオンの商標）,0
ホカロン,→使い捨てカイロ（ロッテの商標）,0
糸ようじ,→糸式ようじ、デンタルフロス（小林製薬の商標）,0
写メール,→写真付き携帯メール（ソフトバンクの商標）,0
信州味噌,→信州の味噌、淡色辛みそ（長野県味噌工業共同組合の商標）,0
JEEP,→全輪駆動小型自動車（FCA US LLC.の商標）,0
キンカン,→痛み・かゆみ止め液（金冠堂の商標）,0
カルピス,→乳酸飲料（アサヒ飲料の商標）,0
ヤクルト,→乳酸飲料（ヤクルトの商標）,0
冷えピタ,→熱冷却ジェルシート、額用冷却シート（ライオンの商標）,0
コロコロ,→粘着クリーナー（ニトムズの商標）,0
ハイター,→漂白剤（花王の商標）,0
クリープ,→粉末クリーム（森永乳業の商標）,0
Iモード,→文字情報サービス（ＮＴＴドコモの商標）,0
猫イラズ,→捕鼠薬（成毛製薬の商標）,0
ラジコン,→無線操縦玩具（増田屋コーポレーションの商標）,0
マジック,→油性マーキングペン（★特に注意　内田洋行（販売は寺西化学工業）の商標）,0
デジカメ,OK(一般名称化のため),0
えびせん,OK(登録なしのため),0
ジッパー,OK(登録なしのため),0
チャック,OK(登録なしのため),0
チェキ,→インスタントカメラ（富士フイルムの商標）,0
味の素,→うまみ調昧料（味の素の商標）,0
ガチャ,→カプセルトイ（タカラトミーアーツの商標）,0
コーク,→コーラ飲料（★特に注意　ザ コカ・コーラ  カンパニーの商標）,0
ムース,"→スタイリングフォーム,泡状整髪剤（資生堂の商標）",0
テレカ,→テレホンカード（ＮＴＴカードソリューションの商標）,0
感圧紙,→ノーカーボン複写紙（富士フイルムの商標）,0
オセロ,→リバースゲーム  （リバーシ）（オセロの商標）,0
セスナ,→軽飛行機（テキストロン・イノヴェイションズの商標）,0
ボンド,→接着剤（コニシの商標）,0
ジープ,→全輪駆動小型自動車（FCA US LLC.の商標）,0
宅急便,→宅配便（★特に注意　ヤマト運輸の商標）,0
着メロ,"→着信音,着信メロディ（ビジュアルアーツの商標）",0
万歩計,→歩数計（★特に注意　山佐時計計器の商標）,0
正露丸,OK(一般名称化のため),0
巨峰,→ぶどう（日本巨峰会  （商標名・品種名）の商標）,0
写メ,→写真付き携帯メール（ソフトバンクの商標）,0
レゴ,→組み立てがん具（レゴ  ジュリス  エー／エスの商標）,0
バブ,→浴用剤、入浴剤（花王の商標）,0